Job Title,Trending Skills
Software Engineer,"['Problem solving', 'Data structure', 'SQL', 'Cloud computing', 'Attention to detail', 'JavaScript', 'Software development', 'Programming Languages', 'Python']"
Full Stack Developer,"['Problem solving', 'Soft skills', 'Design', 'Architecture', 'HTML and CSS', 'Backend languages', 'JavaScript', 'Communication', 'Git and GitHub']"
Backend Developer,"['Problem solving', 'Version control', 'Data structure', 'Backend frameworks knowledge', 'Communication skills', 'Servers', 'Database management', 'Software development', 'Programming languages']"
Frontend Developer,"['Version control', 'Responsive design', 'Cross-browser development', 'Testing and debugging', 'RESTful APIs', 'Front-end frameworks', 'JavaScript', 'Accessibility', 'Web performance']"
Web Developer,"['Problem solving', 'Version control', 'Responsive design', 'CSS', 'Communication', 'Testing and debugging', 'Database management', 'JavaScript', 'Programming language']"
Mobile App Developer,"['Cross-platform capabilities', 'Collaboration skills', 'User experience design', 'Data management', 'Agile development', 'Problem solving skills', 'Communication', 'Backend development', 'Programming languages']"
Cloud Engineer,"['Linux', 'DevOps', 'Virtualization', 'Cloud service providers', 'Cloud-based', 'Networking', 'Database management', 'Cloud security', 'Communication']"
Cloud Architect,"['Security', 'DevOps', 'Architecture design', 'Leadership', 'Networking', 'Data storage', 'Communication', 'Software development', 'Programming Languages']"
Data Scientist,"['AI', 'Big data', 'Deep learning', 'Mathematical statistics', 'Computing', 'Data visualization', 'Programming', 'Communication', 'Machine learning']"
Machine Learning Engineer,"['Problem solving', 'Communication', 'Deep learning', 'Domain knowledge', 'Machine learning algorithms', 'Cloud computing', 'Mathematical statistics', 'Natural language processing', 'Programming Languages']"
AI Researcher,"['Communication', 'Critical thinking', 'Big data analysis', 'Collaboration', 'Machine learning algorithms', 'Computer vision', 'Natural language processing', 'Machine learning', 'Programming Languages']"
DevOps Engineer,"['Containerization', 'Configuration management', 'Testing skills', 'Linux Fundamentals', 'Automation', 'Coding and scripting', 'Communication', 'Infrastructure as Code', 'Continuous integration']"
Cybersecurity Engineer,"['Threat intelligence', 'Access management', 'Firewall', 'Network security', 'Risk management', 'Operating Systems', 'Penetration testing', 'Programming', 'Communication']"
Database Administrator,"['Problem solving', 'Database design', 'Data modeling', 'Performance tuning', 'Disaster recovery', 'Database administration', 'Backup and recovery', 'Database security', 'Communication']"
Software Architect,"['Problem solving', 'Adaptability', 'DevOps', 'Coding skills', 'Leadership', 'Communication', 'Software development', 'Creative thinking', 'Programming Languages']"
Product Manager,"['Problem solving', 'Adaptability', 'Analytical skills', 'Strategic thinking', 'User experience design', 'Prioritization', 'Research skills', 'Communication', 'Time management']"
UI/UX Designer,"['Interaction design', 'Empathy', 'Usability testing', 'Collaboration', 'User research', 'Prototyping', 'Information architecture', 'Communication', 'Time management']"
Data Engineer,"['Data modeling', 'Big data', 'Data warehousing', 'ETL', 'Database management', 'Programming', 'Communication', 'NoSQL', 'Machine learning']"
Quality Assurance Engineer,"['Problem solving', 'Test automation', 'Critical thinking', 'Communication skills', 'Systems development life cycle', 'Attention to detail', 'Communication', 'Manual testing', 'Time management']"
Site Reliability Engineer,"['Problem solving', 'Version control', 'Ci/cd pipeline development', 'DevOps', 'Communication skills', 'Collaboration', 'Cloud computing', 'Programming', 'Using monitoring tools']"
Blockchain Developer,"['Smart contracts', 'Blockchain fundamentals', 'Blockchain quality Engineer', 'Data structure', 'Cryptography', 'Solidity', 'Blockchain architecture', 'Programming Languages', 'Smart contract development']"
Game Developer,"['Problem solving', 'AI', 'Adaptability', 'Creativity', 'Animation', 'Programming', 'Teamwork', 'Video game design', 'Time management']"
React Developer,"['Problem solving', 'Git', 'GraphQL', 'HTML and CSS', 'Npm', 'JavaScript', 'Redux', 'JSX', 'Fundamentals of JavaScript']"
Angular Developer,"['Responsive design', 'Version control', 'Git', 'Testing and debugging', 'HTML and CSS', 'RxJS', 'Npm', 'TypeScript', 'Software development']"
iOS Developer,"['User Experience', 'Git', 'Objective-C', 'Core Data', 'Grand Central Dispatch', 'Networking', 'Memory management', 'Programming language', 'Xcode']"
Android Developer,"['User interface design', 'APIs', 'Version control', 'Kotlin and java proficiency', 'Android SDK', 'Android testing', 'User experience design', 'Proficiency in cross-platform development tools', 'Databases']"
PHP Developer,"['Problem solving', 'Version control', 'Git', 'PHP frameworks', 'Technical', 'Software design pattern', 'Front-end design', 'JavaScript', 'Database']"
Python Developer,"['Version control', 'AI, machine learning', 'Web frameworks', 'Debugging skills', 'Django', 'Object-oriented programming', 'Python frameworks', 'Python libraries', 'Object relational Mapper']"
Java Developer ,"['Version control', 'Technology', 'Big data', 'Microservices', 'Software design pattern', 'Java build tools', 'Communication', 'DevOps practices', 'Spring Framework']"
Ruby on Rails Developer,"['Version control', 'Git', 'SQL', 'Object-oriented programming', 'Web application', 'Front-end design', 'JavaScript', 'HTML5', 'Maintaining apis']"
C++ Developer,"['Problem solving', 'Version control', 'Analytical skills', 'Data structure', 'Database', 'SQL', 'Object-oriented programming', 'Communication', 'Debugging']"
C# Developer,"['Adaptability', 'Change management', 'Agility', 'Leadership', 'Decision-making', 'Emotional intelligence', 'Business acumen', 'Communication', 'Innovation']"
Go Developer,"['Problem-solving skills', 'Kubernetes', 'Concurrency', 'Collaboration', 'Microservices architecture', 'Attention to detail', 'Communication', 'Effective time management', 'Performance optimization']"
Swift Developer,"['API', 'Core Data', 'Objective-C', 'Apple platform integration', 'Grand Central Dispatch', 'Networking', 'Memory management', 'Programming language', 'Xcode']"
Kotlin Developer,"['Problem solving', 'Version control', 'Cross-platform capabilities', 'Agile methodologies', 'User experience design', 'API integration', 'Kotlin proficiency', 'Android development', 'Performance optimization']"
JavaScript Developer,"['Version control', 'HTML', 'Asynchronous programming', 'Front-end frameworks', 'Debugging tools', 'Database management', 'Frontend frameworks and libraries', 'TypeScript', 'Node.js']"
Node.js Developer,"['Managing errors', 'Version control', 'Security', 'Communication API', 'Asynchronous programming', 'Frontend', 'Database management', 'Node JS frameworks', 'Time management']"
Flutter Developer,"['Problem solving', 'Version control', 'Proficiency in dart', 'Integral', 'User experience design', 'State management', 'Flutter', 'Communication', 'Performance optimization']"
Ruby Developer,"['Version control', 'Git', 'Back end', 'Object-oriented programming', 'Web application', 'Front-end design', 'Database', 'Rails framework', 'Maintaining apis']"
Full Stack Engineer,"['Problem solving', 'CSS', 'Design', 'Back end', 'Architecture', 'JavaScript', 'Communication', 'Git and GitHub', 'Frontend frameworks']"
Web Architect,"['Problem solving', 'Continuous learning', 'Creativity', 'Stakeholder management', 'Collaboration', 'Java', 'Project management', 'Communication', 'Cloud']"
Software Test Engineer,"['Adaptability', 'Systems development life cycle', 'Agile', 'Programming', 'Analytic reasoning', 'Communication', 'Attention to detail', 'Programming proficiency', 'Time management']"
Embedded Systems Engineer,"['Circuit design', 'Python', 'Embedded systems', 'Communication protocols', 'Hardware', 'RTOS', 'Debugging', 'Operating system', 'C']"
AI Developer,"['Problem solving', 'Communication', 'AI ethics', 'Data science', 'Deep learning', 'Collaboration', 'Natural language processing', 'Machine learning', 'Programming Languages']"
Natural Language Processing Engineer,"['Problem solving', 'Algorithm development', 'Continuous learning', 'Linguistics', 'Collaboration', 'Programming', 'Programming proficiency', 'Programming skills', 'Machine learning']"
Computer Vision Engineer,"['Computer vision theory', 'Image analysis', 'Image restoration', 'Mathematics', 'Knowledge of computer vision libraries', 'Software development', 'Motion estimation', 'Machine learning', 'Digital image processing']"
Robotics Engineer,"['Problem solving', 'Decision-making', 'Communication skills', 'Mathematics', 'Computer vision', 'Programming', 'Machine learning', 'Robotics Fundamentals', 'Control system']"
Deep Learning Engineer,"['Problem solving', 'Software engineering', 'Adaptability and flexibility', 'Reinforcement Learning', 'Natural language processing', 'Machine learning algorithms', 'Mathematics and Statistics', 'Cloud skills', 'Communication']"
Data Science Researcher,"['Big data', 'Cloud computing', 'Mathematical statistics', 'Statistics', 'Data visualization', 'Programming', 'Business acumen', 'Communication', 'Machine learning']"
Data Analyst,"['Problem solving', 'Critical thinking', 'SQL', 'Statistics', 'Data visualization', 'Excel', 'Communication', 'Machine learning', 'Statistical programming']"
Data Visualization Specialist,"['Problem solving', 'Dashboard design and development', 'Critical thinking', 'Interpersonal skills', 'Storytelling', 'Attention to detail', 'Analytic reasoning', 'Communication', 'Data analysis']"
Cloud Security Engineer,"['Cloud security automation', 'Regulatory compliance', 'Network security', 'Strong analytical problem solving skills', 'Incident response', 'Configuring identity and access management', 'Understanding of cloud providers', 'Cloud security architecture', 'Communication']"
Machine Learning Researcher  ,"['Problem solving', 'Communication', 'Critical thinking', 'Deep learning', 'Machine learning algorithms', 'Mathematical statistics', 'Programming', 'Cloud skills', 'Natural language processing']"
Application Security Engineer  ,"['Firewalls', 'Cybersecurity', 'Cryptography', 'Cloud security', 'Incident response', 'Threat modeling', 'Compliance', 'Vulnerability assessment', 'Communication']"
BI Developer  ,"['Problem solving', 'Data modeling', 'Data warehouse', 'SQL', 'Collaboration', 'ETL', 'BI tools', 'Data visualization', 'Communication']"
E-commerce Developer  ,"['Problem solving', 'Design', 'eCommerce development services', 'SEO', 'Web development', 'Digital marketing', 'Data analysis', 'Tech proficiency', 'Performance optimization']"
IoT Developer ,"['Node', 'Information security', 'User experience design', 'Big data', 'Mobile development', 'Networking', 'Cloud computing', 'Artificial intelligence', 'Programming Languages']"
UX Researcher  ,"['Active listening', 'Usability testing', 'User experience design', 'Collaboration', 'Prototyping', 'Information architecture', 'Communication', 'Data analysis', 'Qualitative research']"
Game Designer  ,"['Problem solving', 'User interface design', 'Creativity', 'Animation', 'Collaboration', 'Storytelling', 'Programming', 'Communication', 'Time management']"
Game Programmer  ,"['Problem solving', 'User interface design', 'AI', 'Creativity', 'Animation', 'Teamwork', 'Unreal Engine', 'Communication', 'Time management']"
Cloud Solutions Architect  ,"['Building design', 'API', 'DevOps', 'Automation', 'Collaboration', 'Networking', 'Communication', 'Software development', 'Programming Languages']"
Mobile UX/UI Designer  ,"['Interaction design', 'Empathy', 'UX writing', 'User research', 'Collaboration', 'Prototyping', 'Information architecture', 'Communication', 'Time management']"
Blockchain Engineer ,"['Smart contracts', 'Blockchain Developer', 'Data structure', 'Cryptography', 'Web development', 'Blockchain architecture', 'Decentralized technologies', 'Programming skills', 'Programming Languages']"
Software Development Engineer in Test (SDET)  ,"['Ci/cd pipeline', 'Database', 'Automation', 'Testing methodologies', 'Automated test development', 'Software Testing', 'Communication', 'Programming Languages', 'Time management']"
Security Architect  ,"['Problem solving', 'Identity and access management', 'Network security', 'Risk management', 'Managing security improvement projects', 'Cloud security', 'Communication', 'Security architecture', 'Conducting regular security tests']"
Systems Architect  ,"['Problem solving', 'Adaptability and flexibility', 'Data modeling', 'API', 'Architecture design', 'Creativity', 'Collaboration', 'Communication', 'Cloud']"
Security Analyst  ,"['Problem solving', 'Network security', 'Risk management', 'Operating Systems', 'Collaboration', 'Networking', 'Incident response', 'Analytic reasoning', 'Attention to detail']"
IT Consultant,"['Problem solving', 'Adaptability', 'Critical thinking', 'Creativity', 'Leadership', 'Communication skills', 'Collaboration', 'Project management', 'Analytic reasoning']"
Software Development Manager  ,"['Problem solving', 'C++', 'SQL', 'Cloud computing', 'Java', 'JavaScript', 'Communication', 'Programming Languages', 'Python']"
Technical Lead  Software Engineering Manager  ,"['Problem solving', 'Leadership', 'Seeking feedback', 'Motivating the team', 'Mentoring', 'Project management', 'Emotional intelligence', 'Communication', 'Time management']"
Product Designer  ,"['User interface design', 'Interaction design', 'Empathy', 'Design', 'User experience design', 'Collaboration', 'User research', 'Information architecture', 'Communication']"
Solutions Architect,"['Adaptability and flexibility', 'Infrastructure', 'DevOps and continuous delivery', 'Project management', 'Business acumen and strategy alignment', 'Expert analysis and problem solving', 'Software development', 'AWS', 'Cloud']"
Test Automation Engineer  ,"['Problem solving', 'API testing', 'Collaboration', 'Automation framework', 'Programming proficiency', 'Agile and devops practice', 'Analytic reasoning', 'Communication', 'Continuous integration']"
IT Support Specialist  ,"['Problem solving', 'Documentation', 'Communication skills', 'Collaboration', 'Hardware', 'Detail-oriented', 'Customer service', 'Technical', 'Troubleshooting']"
Network Engineer  ,"['Problem solving', 'Firewall', 'Network security', 'Automation', 'Cloud computing', 'Virtualisation', 'Analytic reasoning', 'Troubleshooting', 'Time management']"
Cloud Infrastructure Engineer  ,"['Containerization', 'DevOps', 'Database management', 'Collaboration and communication', 'Compliance', 'Programming', 'Communication', 'Automation and orchestration', 'Cloud platform proficiency']"
Site Reliability Engineer,"['Problem solving', 'Version control', 'Ci/cd pipeline development', 'DevOps', 'Communication skills', 'Collaboration', 'Cloud computing', 'Programming', 'Using monitoring tools']"
Senior Software Engineer  ,"['Problem solving', 'Coding', 'Critical thinking', 'Leadership', 'Facilitating collaboration', 'Teamwork', 'Software development', 'Software design', 'Programming Languages']"
Senior Data Scientist  ,"['Critical thinking', 'Big data', 'Collaboration', 'Machine learning algorithms', 'Mathematical statistics', 'Data visualization', 'Business acumen', 'Communication', 'Machine learning']"
Senior Machine Learning Engineer  ,"['Problem solving', 'Software engineering', 'Reinforcement Learning', 'Algorithm development', 'Natural language processing', 'Performing statistical analysis', 'Collaboration', 'Machine learning algorithms', 'Communication']"
Principal Software Engineer  ,"['Problem solving', 'Adaptability', 'Critical thinking', 'Git', 'Collaboration', 'Software architecture', 'Database', 'Software development', 'Software design']"
Principal Data Scientist,"['Statistical analysis', 'Big data', 'Collaboration', 'Statistics', 'Data visualization', 'Computing', 'Natural language processing', 'Machine learning', 'Programming Languages']"
Digital Marketing Engineer  ,"['Problem solving', 'Copywriting', 'SEO', 'Social media marketing', 'Search engine optimization', 'Project management', 'Email marketing', 'Communication', 'Content marketing']"
API Developer  ,"['API documentation', 'Cross-platform development', 'Testing and debugging', 'Orchestration', 'Build a portfolio of api projects', 'Communication', 'Collaborate with', 'Programming Languages', 'API design']"
Software Engineer in Test  ,"['Problem solving', 'Data structure', 'Programming', 'Attention to detail', 'Software Testing', 'Communication', 'Software development', 'Programming Languages', 'Databases']"
Continuous Integration Engineer  ,"['Adaptability and flexibility', 'Critical thinking and analytical skills', 'Continuous integration and continuous deployment (ci/cd)', 'Automation', 'Collaboration and communication', 'Communication', 'Infrastructure as Code', 'Scripting and automation', 'Monitoring and logging']"
Cloud Infrastructure Architect,"['Application architecture', 'Security', 'Cloud architecture', 'DevOps', 'Leadership', 'Networking', 'Communication', 'Software development', 'Programming Languages']"
Embedded Software Engineer  ,"['Python', 'Debugging', 'Hardware', 'Communication protocols', 'RTOS', 'Firmware', 'Software development', 'Operating system', 'C']"
Firmware Engineer  ,"['Linux', 'Microcontroller', 'Debugging', 'Hardware expertise', 'C', 'Embedded Systems', 'Communication', 'Software development', 'Python']"
User Interface Engineer  ,"['Problem solving', 'Interaction design', 'Wireframing', 'Collaboration', 'Prototyping', 'Information architecture', 'Attention to detail', 'Communication', 'Time management']"
UI Developer  ,"['Problem solving', 'User interface design', 'CSS', 'Cross-browser compatibility', 'Prototyping', 'Attention to detail', 'JavaScript', 'Accessibility', 'Communication']"
React Native Developer,"['Problem-solving skills', 'Integral', 'Debugging skills', 'User experience design', 'JavaScript', 'Redux', 'Communication', 'Time management', 'Performance optimization']"
Ruby on Rails Engineer  ,"['Version control', 'Write & maintain reliable ruby code', 'Good problem solving abilities', 'Back end', 'Ruby language', 'Mathematical optimization', 'Web application', 'Database', 'Maintaining apis']"
Business Analyst  ,"['Problem solving', 'Critical thinking', 'Agile methodologies', 'SQL', 'Interpersonal communication', 'Data visualization', 'Communication', 'Data analysis', 'Business intelligence']"
Agile Coach  ,"['Problem solving', 'Conflict resolution and negotiation', 'Continuous improvement', 'Collaboration', 'Mentoring', 'Agile metrics and reporting', 'Agile practices', 'Strong communication skills', 'Facilitation']"
Scrum Master  ,"['Adaptability', 'Empathy', 'Continuous improvement', 'Leadership', 'Communication skills', 'Coaching', 'Project management', 'Conflict resolution', 'Facilitation']"
Data Warehouse Engineer  ,"['Data modeling', 'SQL', 'Hadoop', 'ETL', 'BI', 'Communication', 'Machine learning', 'Data analysis', 'Python']"
Artificial Intelligence Engineer,"['Problem solving', 'Deep learning', 'Collaboration', 'Cloud computing', 'Computer vision', 'Natural language processing', 'Machine learning', 'AI integration', 'Programming Languages']"
Data Architect  ,"['Data modeling', 'Big data', 'Hadoop', 'Data governance', 'ETL', 'Communication', 'Machine learning', 'Programming Languages', 'Data integration']"
Solutions Engineer  ,"['Problem solving', 'Collaborating with other engineers', 'Customer focus', 'Technical proficiency', 'Customer service', 'Project management', 'Computer Science', 'Communication', 'AWS']"
Test Engineer  ,"['Adaptability and flexibility', 'Automation testing', 'Automated testing tools and frameworks', 'Systems development life cycle', 'Project management', 'Analytic reasoning', 'Attention to detail', 'Communication', 'Programming Languages']"
Scrum Developer  ,"['Adaptability', 'Continuous improvement', 'Agile methodologies', 'Collaboration', 'Coaching', 'Project management', 'Conflict resolution', 'Communication', 'Scrum artifacts management']"
AWS Developer  ,"['Security', 'Critical thinking', 'DevOps', 'Serverless', 'Collaboration and communication', 'Containers', 'Communication', 'Infrastructure as Code', 'Storage']"
Azure Developer  ,"['Problem solving', 'Develop for unpredictability', 'Adaptability', 'Time management', 'Compliance', 'Azure networking', 'Communication', 'Scale your applications', 'Cloud']"
Google Cloud Developer,"['Containerization', 'Cloud development', 'DevOps', 'APIs and integration', 'Cloud security', 'Cloud platforms', 'Machine learning', 'Ci/cd', 'Programming Languages']"
Blockchain Architect  ,"['Smart contracts', 'Data structure', 'Cryptography', 'Grasp core blockchain concepts', 'Blockchain knowledge', 'Blockchain architecture', 'Programming Languages', 'Smart contract development', 'Blockchain frameworks']"
Machine Learning Architect  ,"['Problem solving', 'Continuous learning', 'Critical thinking', 'Natural language processing', 'Deep learning', 'Machine learning algorithms', 'Communication', 'Programming skills', 'Model evaluation']"
Big Data Engineer  ,"['Problem solving', 'Data modeling', 'Data pipelines', 'Hadoop', 'ETL', 'Data visualization', 'Machine learning', 'Programming Languages', 'Databases']"
Cloud Platform Engineer  ,"['Linux', 'DevOps', 'Continuous integration and continuous deployment (ci/cd)', 'Iac', 'Cloud computing', 'Database management', 'Collaboration and communication', 'Communication', 'Critical thinking and decision making']"
Automation Engineer,"['Problem solving', 'Scripting', 'Git', 'C++', 'Collaboration', 'Java', 'Programming', 'Python', 'Control system']"
System Administrator  ,"['Problem solving', 'Linux', 'SQL', 'Communication skills', 'Hardware', 'Technical', 'Cloud computing', 'Windows Server', 'Troubleshooting']"
Integration Developer  ,"['Problem solving', 'API', 'Collaboration and teamwork', 'Continuous integration/continuous deployment (ci/cd) practices', 'Time management and prioritization', 'Version control systems', 'Analysis', 'Communication', 'Innovation']"
Product Owner  ,"['Analytical skills', 'Empathy', 'Technical skills', 'Decision-making', 'Agile Scrum', 'Collaboration', 'Product backlog', 'Project management', 'Communication']"
Linux Systems Engineer  ,"['Configuration management', 'Security', 'Scripting', 'Virtualization', 'Shell script', 'Collaboration', 'Networking', 'Linux server', 'Troubleshooting']"
Network Administrator  ,"['Problem solving', 'Critical thinking', 'Security management', 'Network security', 'Network configuration', 'Technical', 'CCNA', 'Communication', 'Troubleshooting']"
Infrastructure Engineer,"['Problem solving', 'Linux', 'Virtualization', 'Shell script', 'Networking', 'Technical', 'Azure', 'Communication', 'AWS']"
Business Systems Analyst  ,"['Problem solving', 'Documentation', 'Collaboration', 'Business process', 'Technical', 'Project management', 'Communication', 'User acceptance testing', 'Data analysis']"
SaaS Developer  ,"['Problem solving', 'Communication and collaboration', 'Coding', 'Collaboration', 'Saas modernization', 'Tech skills', 'Database management', 'Compliance', 'Cloud platforms']"
App Developer  ,"['Cross-platform capabilities', 'Cybersecurity', 'User experience design', 'Agile development', 'Collaboration and communication', 'Analytic reasoning', 'Communication', 'Backend development', 'Programming languages']"
Mobile Software Engineer  ,"['Cross-platform capabilities', 'Communication and collaboration', 'Teamwork and collaboration', 'Cybersecurity', 'User experience design', 'Agile development', 'Communication', 'Backend development', 'Programming languages']"
Business Development Engineer,"['Strategic management', 'Marketing', 'Collaboration', 'Sales', 'Project management', 'Analysis', 'Communication', 'Negotiation skills', 'Business intelligence']"
Technical Writer  ,"['Communication', 'Writing skills', 'Good tech writing practices', 'Collaboration', 'Teamwork', 'Design skills', 'Project management', 'Editing skills', 'Research']"
SAP Developer  ,"['Problem solving', 'Continuous learning', 'SQL', 'ABAP', 'Analytics', 'Teamwork', 'Business process', 'Communication', 'Hana']"
Product Marketing Manager  ,"['Empathy', 'Creativity', 'Communication skills', 'Collaboration', 'Market research', 'Prioritization', 'Storytelling', 'Communication', 'Data analysis']"
IT Security Consultant  ,"['Firewalls', 'Vulnerability', 'Network security', 'Risk management', 'Penetration testing', 'Cloud security', 'Incident response', 'Analytic reasoning', 'Communication']"
ERP Consultant  ,"['Problem solving', 'Adaptability', 'Technical skills', 'Data management', 'Collaboration', 'Business process', 'Teamwork', 'Experience', 'Communication']"
Database Engineer,"['Problem solving', 'Data modeling', 'Machine learning', 'Data visualization', 'Data Security', 'NoSQL', 'Software development', 'Databases', 'Cloud']"
Salesforce Developer  ,"['Problem solving', 'Analytical skills', 'Visualforce', 'SOQL and SOSL', 'SFDC', 'Lightning components', 'Apex', 'JavaScript', 'Communication']"
Power BI Developer  ,"['Problem solving', 'Data modeling', 'Learning and applying dax calculations', 'SQL', 'Collaboration', 'ETL', 'Data visualization', 'Attention to detail', 'Data preparation']"
Analytics Engineer  ,"['Data modeling', 'Data warehouse', 'DBT', 'SQL', 'ETL', 'Data visualization', 'Machine learning', 'Data analysis', 'Python']"
Robotic Process Automation Developer  ,"['Problem solving', 'Strategic planning', 'Coding skills', 'Machine learning expertise', 'Business process knowledge', 'Analytics', 'RPA administrator', 'Analytic reasoning', 'Programming Languages']"
NoSQL Developer  ,"['Performance tuning', 'Security', 'Collaboration and teamwork', 'Backup and recovery', 'Attention to detail', 'MongoDB', 'Amazon DynamoDB', 'Cloud services', 'ETL processes']"
Web Security Engineer  ,"['Firewalls', 'Coding', 'Network security', 'Operating Systems', 'Penetration testing', 'Malware analysis', 'Incident response', 'Compliance', 'Communication']"
Penetration Tester  ,"['Scripting', 'Network security', 'Cryptography', 'Information security', 'Operating Systems', 'Networking', 'Threat modeling', 'Reporting', 'Communication']"
Machine Learning Researcher  ,"['Problem solving', 'Communication', 'Critical thinking', 'Deep learning', 'Machine learning algorithms', 'Programming', 'Cloud skills', 'Natural language processing', 'Python']"
Cloud Application Developer  ,"['Linux', 'Cloud computing concepts', 'DevOps', 'Networking', 'Database management', 'Cloud security', 'Programming', 'Cloud platforms', 'API design']"
Blockchain Software Engineer  ,"['Smart contracts', 'Data structure', 'Cryptography', 'Solidity', 'Web development', 'Blockchain architecture', 'Decentralized technologies', 'Programming Languages', 'Python']"
Virtualization Engineer  ,"['Problem-solving skills', 'Virtualization automation', 'Capacity planning and performance tuning', 'Virtual infrastructure', 'Ability to be a team player', 'Virtualization storage', 'Communication', 'Windows Server', 'Disaster recovery planning']"
AWS Solutions Architect,"['Problem solving', 'Amazon Elastic Compute Cloud', 'DevOps', 'Collaboration and teamwork', 'Compliance knowledge', 'Security foundations', 'Communication', 'Storage', 'Time management']"
Virtualization Specialist  ,"['Security and compliance', 'Security awareness', 'Cloud computing', 'Virtualization networking', 'Automation and scripting', 'Infrastructure management', 'Team collaboration', 'Troubleshoot', 'Effective communication']"
Web Security Analyst  ,"['Problem solving', 'Threat hunting', 'Adaptability', 'Scripting', 'Network security', 'Operating Systems', 'Incident response', 'Attention to detail', 'Communication']"
Quality Control Engineer  ,"['Problem solving', 'Continuous improvement', 'Critical thinking', 'Quality system', 'Collaboration', 'Sigma', 'Attention to detail', 'Data analysis', 'Test automation']"
Application Developer ,"['Proficiency in programming languages', 'User interface design', 'Teamwork and collaboration', 'Back end', 'User experience design', 'Cross-platform application development', 'Java', 'JavaScript', 'Communication']"
Data Science Engineer,"['SQL', 'Big data', 'Deep learning', 'Data visualization', 'Communication', 'Machine learning', 'Programming Languages', 'Python', 'Probability density function']"
Security Operations Engineer  ,"['Firewalls', 'Problem-solving and critical thinking', 'Threat intelligence and analysis', 'Vulnerability', 'Network security', 'Automation', 'Collaboration', 'Incident response', 'Communication']"
Data Mining Engineer  ,"['Problem solving', 'Data warehouse', 'SQL', 'Databases', 'Data visualization', 'Machine learning', 'Programming Languages', 'Python', 'Cloud']"
Product Marketing Engineer  ,"['Strategic thinking', 'Creativity', 'Market research', 'Collaboration', 'Digital marketing', 'Marketing campaigns', 'Communication', 'Data analysis', 'Product Management']"
Data Operations Engineer  ,"['Problem solving', 'Data warehouse', 'SQL', 'Big data', 'Cloud computing', 'Software development', 'Programming', 'Communication', 'Machine learning']"
Performance Engineer,"['Scripting', 'Performance analysis', 'Performance monitoring', 'Troubleshooting skills', 'Project management', 'Performance testing', 'Communication', 'Designing effective tests', 'Network performance engineering']"
Software Development Engineer in Test (SDET)  ,"['Ci/cd pipeline', 'Database', 'Automation', 'Testing methodologies', 'Automated test development', 'Software Testing', 'Communication', 'Programming Languages', 'Time management']"
Junior Software Developer  ,"['Problem solving', 'Data structure', 'Creativity', 'Object-oriented programming', 'Attention to detail', 'Communication', 'Debugging', 'Programming Languages', 'Learning']"
Junior Data Analyst  ,"['Problem-solving skills', 'Critical thinking', 'SQL', 'Data cleansing', 'Data management', 'Data visualization', 'Attention to detail', 'Communication', 'Machine learning']"
Junior Web Developer  ,"['Version control', 'CSS', 'Git', 'Testing and debugging', 'Back end', 'SQL', 'JavaScript', 'Communication', 'HTML5']"
Junior Game Developer,"['Problem solving', 'Version control', 'AI', 'Adaptability and flexibility', 'Collaboration and teamwork', 'Animation', 'Audio programming', 'Programming proficiency', 'Communication']"
Junior Frontend Developer  ,"['Problem solving', 'Responsive design', 'Version control', 'CSS', 'Testing and debugging', 'Front-end frameworks', 'jQuery', 'Web accessibility', 'JavaScript']"
Junior Backend Developer  ,"['Problem solving', 'Version control', 'Adaptability and flexibility', 'Data structure', 'Debugging skills', 'Collaboration', 'Communication', 'Software development', 'Time management']"
Junior Cloud Developer  ,"['Containerization', 'Adaptability and flexibility', 'DevOps', 'Critical thinking', 'Automation', 'Collaboration', 'Programming', 'Communication', 'Database skills']"
Junior iOS Developer  ,"['Spatial ability', 'Core Data', 'Git', 'Objective-C', 'Unit testing', 'Networking', 'Source control', 'Programming language', 'Xcode']"
Junior Android Developer,"['Problem solving', 'Kotlin', 'Android SDK', 'Android testing', 'User experience design', 'Collaboration and communication', 'Communication and interpersonal skills', 'API integration', 'Continuous integration']"
Junior Data Scientist  ,"['Adaptability', 'Critical thinking', 'SQL', 'Collaboration', 'Data visualization', 'Storytelling', 'Programming', 'Communication', 'Machine learning']"
Junior Machine Learning Engineer  ,"['Problem solving', 'Software engineering', 'Communication', 'Communication and collaboration', 'Deep learning', 'Domain knowledge', 'Machine learning algorithms', 'Cloud computing', 'Natural language processing']"
Junior DevOps Engineer  ,"['Containerization', 'Configuration management', 'Scripting languages', 'Version control systems', 'Collaboration', 'Security skills', 'Infrastructure as Code', 'Continuous integration', 'Monitoring and logging']"
Junior Database Administrator  ,"['Problem solving', 'Analytical skills', 'Performance tuning', 'Disaster recovery', 'SQL', 'Database backup', 'Database security', 'Attention to detail', 'Communication']"
Junior Software Engineer,"['Problem solving', 'CSS', 'Data structure', 'Collaboration', 'Cloud computing', 'Object-oriented programming', 'Attention to detail', 'Programming Languages', 'Time management']"
Technical Support Engineer  ,"['Problem solving', 'Adaptability and flexibility', 'Database', 'Collaboration', 'Hardware', 'Scripting and automation', 'Communication', 'Active listening', 'Troubleshooting']"
Data Quality Engineer  ,"['Problem solving', 'Data modeling', 'Data governance', 'Quality management', 'Software development', 'Database', 'NoSQL', 'Machine learning', 'Cloud']"
Big Data Architect  ,"['Problem solving', 'Data mining', 'ETL', 'Quality management', 'Data visualization', 'Communication', 'NoSQL', 'Machine learning', 'Programming Languages']"
Search Engine Optimization (SEO) Developer  DevOps Lead,"['Adaptability and flexibility', 'Critical thinking', 'Link building', 'Content creation and optimization', 'Collaboration', 'Content creation', 'Keyword research', 'Communication', 'Technical SEO']"
IT Manager  ,"['Problem solving', 'Adaptability and flexibility', 'Strategic planning', 'Cybersecurity', 'Leadership', 'Cloud computing', 'Conflict resolution', 'Communication', 'Time management']"
Network Architect  ,"['Problem-solving skills', 'Firewall', 'Network security', 'Virtualization', 'Leadership', 'Interpersonal communication', 'Project management', 'Analytic reasoning', 'Communication']"
Cloud Operations Engineer  ,"['Security and compliance', 'DevOps', 'Leadership', 'Continuous learning and skill development', 'Iac', 'Database management', 'Communication', 'Critical thinking and decision making', 'Automation and orchestration']"
Systems Integrator  ,"['Problem solving', 'SQL', 'Architecture', 'Technical', 'Project management', 'Attention to detail', 'Effective communication', 'Innovation', 'Troubleshooting']"
Database Administrator (DBA),"['Problem solving', 'Data modeling', 'Performance tuning', 'Disaster recovery', 'Database administration', 'Backup and recovery', 'Collaboration', 'Data Security', 'Communication']"
Web Application Developer,"['Problem solving', 'Version control', 'Responsive design', 'CSS', 'Testing and debugging', 'Frameworks', 'JavaScript', 'Backend skills', 'Databases']"
Platform Engineer,"['Problem solving', 'Data structure', 'DevOps', 'SQL', 'Cloud computing competency', 'Programming', 'Software development', 'Ci/cd', 'Collaborate']"
Data Integration Engineer ,"['Problem solving', 'Data modeling', 'Collaboration and teamwork', 'Continuous upgrading', 'ETL', 'Data processing', 'Communication', 'Big data technologies and analytics', 'Machine learning']"
Cloud Service Engineer,"['Security and compliance', 'DevOps', 'Operating Systems', 'Database management', 'Programming', 'API integration', 'Communication', 'Automation and orchestration', 'Cloud platform proficiency']"
Data Infrastructure Engineer  ,"['Problem solving', 'Data modeling', 'Big data', 'Software development', 'Data visualization', 'Programming', 'Data Security', 'Communication', 'Machine learning']"
Data Science Manager  ,"['Data ethics', 'Big data', 'Mathematical statistics', 'Computing', 'Data visualization', 'Programming', 'Communication', 'Machine learning', 'Databases']"
Big Data Specialist  ,"['Problem solving', 'Data mining', 'Critical thinking', 'Statistical analysis', 'Data management', 'Statistics', 'Data visualization', 'Machine learning', 'Programming Languages']"
Cloud Services Developer  ,"['Cloud development', 'DevOps', 'Cloud service providers', 'Application programming interfaces', 'Networking', 'Database management', 'Cloud security', 'Programming', 'Communication']"
Enterprise Architect,"['Strategic planning', 'Governance', 'Infrastructure', 'Leadership', 'Risk management', 'Project management', 'Analytic reasoning', 'Business acumen', 'Cloud']"
IT Security Architect  ,"['Linux, windows, and mac operating systems', 'Identity and access management', 'Managing a cybersecurity team', 'Network security', 'Cloud security', 'Project management', 'Communication', 'Security architecture', 'Conducting regular security tests']"
Security Software Engineer  ,"['Firewalls', 'Adaptability', 'Critical thinking', 'Network security', 'Collaboration', 'Penetration testing', 'Cloud security', 'Incident response', 'Vulnerability assessment']"
AI Engineer  ,"['Problem solving', 'Natural language processing', 'Deep learning', 'Collaboration', 'Cloud computing', 'Communication', 'Data engineering', 'Programming Languages', 'Neural network']"
C++ Software Developer  ,"['Problem solving', 'Version control', 'Communication', 'Data structure', 'Web development', 'Cloud computing', 'Database', 'Debugging', 'Programming Languages']"
Artificial Intelligence Architect,"['Problem solving', 'Adaptability', 'Critical thinking ability', 'Data science', 'Natural language processing', 'Collaboration', 'Communication', 'Machine learning', 'Data analysis']"
System Engineer  ,"['Problem solving', 'Linux', 'Scripting', 'Collaboration', 'Hardware', 'Project management', 'Troubleshoot', 'Communication', 'Cloud']"
Virtualization Software Engineer  ,"['Security and compliance', 'Cloud architecture', 'DevOps', 'Virtualization', 'Generative AI tools', 'Collaboration and communication', 'Security and recovery', 'Programming', 'Performance optimization']"
JavaScript Architect  ,"['Problem solving', 'Version control', 'Testing and debugging', 'Asynchronous programming', 'Database management', 'JavaScript proficiency', 'Node.js', 'Continuous integration', 'Performance optimization']"
Security Software Developer  ,"['Adaptability', 'Critical thinking', 'Network security', 'Collaboration', 'Penetration testing', 'Artificial intelligence', 'Risk assessment', 'Threat modeling', 'Programming Languages']"
Engineering Manager  ,"['Problem solving', 'Leadership', 'Delegation', 'Decision-making', 'Communication skills', 'Technical competence', 'Project management', 'Emotional intelligence', 'Communication']"
Tech Lead  ,"['Problem solving', 'Coding', 'Leadership', 'Collaboration', 'Mentoring', 'Project management', 'Skills management', 'Communication', 'Time management']"
Chief Technology Officer (CTO)  ,"['Adaptability', 'Coding', 'Leadership', 'Decision-making', 'Technical', 'Project management', 'Business acumen', 'Communication', 'Time management']"
Chief Information Officer (CIO)  ,"['Strategic planning', 'Adaptability', 'Change management', 'Cybersecurity', 'Strategic thinking', 'Leadership', 'Technical expertise', 'Business acumen', 'Innovation']"
Software Development Director,"['Problem solving', 'DevOps', 'Database', 'Programming language', 'Collaboration', 'Java', 'Project management', 'Communication', 'Continuous integration']"
IT Director  ,"['Strategic planning', 'Change management', 'Cybersecurity', 'Collaboration', 'Cloud computing', 'Project management', 'Skills management', 'Communication', 'Innovation']"
Cloud Product Manager  ,"['Problem solving', 'Adaptability', 'Critical thinking', 'Leadership', 'Leveraging AI tools', 'Prioritization', 'Technical expertise', 'Communication', 'Time management']"
IT Infrastructure Manager  ,"['Strategic planning', 'ITIL', 'Change management', 'Disaster recovery', 'Virtualization', 'Technical', 'Project management', 'Vendor management', 'Communication']"
Cloud Solutions Engineer  ,"['Collaboration and teamwork', 'DevOps', 'Operating Systems', 'Networking', 'Cloud computing', 'Database management', 'API integration', 'Communication', 'Infrastructure as Code']"
Security Operations Analyst,"['Adaptability', 'Ethical hacking', 'Network security', 'SIEM', 'Collaboration', 'Incident response', 'Compliance', 'Analytic reasoning', 'Vulnerability assessment']"
Embedded Systems Software Engineer  ,"['Microcontroller', 'Hardware', 'Communication protocols', 'RTOS', 'C', 'Assembly language', 'Debugging', 'Operating system', 'Python']"
UI Engineer  ,"['Problem solving', 'User interface design', 'Wireframing', 'Collaboration', 'Prototyping', 'Feedback', 'Attention to detail', 'Accessibility', 'Communication']"
Senior Front-End Developer  ,"['Version control', 'Responsive design', 'CSS', 'JavaScript library', 'Testing and debugging', 'Frameworks', 'JavaScript', 'Accessibility', 'Performance optimization']"
Senior Back-End Developer  ,"['Problem solving', 'Adaptability and flexibility', 'Application programming interface', 'Version control system', 'Frameworks', 'Database management', 'Analytic reasoning', 'Communication', 'RESTful API development']"
Digital Solutions Architect,"['Problem solving', 'Adaptability and flexibility', 'DevOps', 'Stakeholder management', 'Collaboration', 'Cloud computing', 'Project management', 'Security principles', 'Communication']"
SRE Engineer  ,"['Problem solving', 'Version control', 'Ci/cd pipeline development', 'Automation', 'Collaboration', 'Networking', 'Communication', 'Operating system', 'Monitoring tools']"
Technical Account Manager  ,"['Relationship building', 'Customer service', 'Project management', 'Problem solving skills', 'Account management', 'Communication', 'Data analysis', 'Collaborative teamwork', 'Time management']"
Cloud Consultant  ,"['Cloud management', 'Problem solving', 'Adaptability', 'Cloud development', 'Containerization', 'Cloud computing', 'Cloud security', 'Programming', 'Communication']"
AI Solutions Architect  ,"['Problem solving', 'Adaptability and flexibility', 'Critical thinking', 'Collaboration', 'Stakeholder communication', 'Cloud computing', 'Project management', 'Communication', 'Machine learning']"
Network Security Engineer  ,"['Firewalls', 'Network security', 'Cryptography', 'Operating Systems', 'Collaboration', 'Penetration testing', 'Problem-solving', 'Analytic reasoning', 'Vulnerability assessment']"
Penetration Testing Specialist  ,"['Exploitation', 'Collaboration', 'Security Knowledge', 'Ethical hacking techniques', 'Exceptional problem solving', 'Reporting', 'Vulnerability assessment', 'Communication', 'Penetration test']"
AI Operations Engineer  ,"['Problem solving', 'Natural language processing', 'Data science', 'Deep learning', 'Cloud computing', 'Computer vision', 'Communication', 'Machine learning', 'Programming Languages']"
Database Security Engineer  ,"['Firewall', 'Network security', 'SIEM', 'Cloud security', 'Incident response', 'Compliance', 'Programming', 'Vulnerability assessment', 'Communication']"
Game Engine Developer  ,"['Problem solving', 'AI', 'Adaptability', 'Creativity', 'Animation', 'Teamwork', 'Programming', 'Communication', 'Time management']"
Application Security Architect,"['Problem solving', 'Vulnerability', 'Firewall', 'Network security', 'Risk management', 'Penetration testing', 'Authentications', 'Cloud security', 'Threat modeling']"
Mobile Software Developer  ,"['Cross-platform capabilities', 'User interface design', 'Communication and collaboration', 'APIs', 'User experience design', 'Agile development', 'Communication', 'Backend development', 'Programming languages']"
Senior DevOps Engineer  ,"['Containerization', 'Version control', 'Security', 'Continuous learning and growth mindset', 'Collaboration and communication', 'Infrastructure as code (iac) proficiency', 'Continuous integration', 'Scripting and automation', 'Monitoring and logging']"
Full Stack Architect  ,"['Version control', 'Soft skills', 'CSS', 'Git', 'Architecture', 'Frameworks', 'JavaScript', 'Communication', 'API development']"
Systems Administrator (Linux)  ,"['Problem solving', 'Security', 'Virtualization', 'Interpersonal skills', 'Networking', 'Automation and scripting', 'System monitoring', 'Backup technologies', 'Troubleshooting']"
API Integration Developer,"['Version control', 'Cross-platform development', 'Collaboration and teamwork', 'Orchestration', 'Web development', 'Coding language proficiency', 'Communicate', 'Programming Languages', 'API design']"
Cloud Software Engineer  ,"['Linux', 'Virtualization', 'Cloud platform knowledge', 'Collaboration', 'Networking', 'Programming', 'Cost accounting', 'Communication', 'Automation and orchestration']"
Big Data Systems Architect  ,"['Problem solving', 'Data mining', 'SQL', 'ETL', 'Quality management', 'Communication', 'Machine learning', 'Programming Languages', 'Data integration']"
API Integration Engineer  ,"['API documentation', 'Collaboration and teamwork', 'Continuous integration/continuous deployment (ci/cd) practices', 'Orchestration', 'Debugging', 'API development and management', 'Software development', 'Programming Languages', 'API design']"
Technical Program Manager ,"['Mitigation', 'Critical thinking', 'Program management', 'Risk management', 'Collaboration', 'Defining requirements', 'Communication and interpersonal skills', 'Analysis', 'Communication']"
